{
  "classes": {
    "stress": {
      "docCount": 59,
      "tokenCounts": {
        "i": 82,
        "can": 28,
        "t": 28,
        "sleep": 9,
        "my": 44,
        "heart": 9,
        "races": 8,
        "and": 40,
        "m": 30,
        "so": 9,
        "anxious": 8,
        "about": 27,
        "tomorrow": 9,
        "feel": 11,
        "overwhelmed": 8,
        "on": 10,
        "edge": 10,
        "all": 10,
        "the": 15,
        "time": 10,
        "just": 4,
        "saying": 4,
        "everything": 10,
        "feels": 13,
        "too": 8,
        "much": 12,
        "exhausted": 11,
        "panicking": 12,
        "honestly": 1,
        "worried": 9,
        "presentation": 11,
        "palms": 8,
        "sweat": 10,
        "focus": 11,
        "to": 4,
        "be": 4,
        "honest": 4,
        "concentrate": 8,
        "head": 8,
        "is": 8,
        "full": 8,
        "of": 8,
        "worry": 8,
        "hands": 7,
        "shake": 7,
        "when": 8,
        "think": 9,
        "aboutithe": 1,
        "meeting": 8,
        "guess": 5,
        "right": 4,
        "now": 4,
        "it": 8,
        "felt": 3,
        "that": 3,
        "way": 3,
        "like": 5,
        "mypalms": 2,
        "feelseverythingtoo": 1,
        "palmsmysweat": 1,
        "everythingtoofeels": 1,
        "feelstoo": 1,
        "mexhausted": 1,
        "ithink": 1,
        "feelsi": 1,
        "overwhelmediand": 1,
        "handstheshake": 1,
        "overwhelmedand": 2,
        "ontheedge": 1,
        "mworried": 1
      },
      "totalTokens": 679
    },
    "demotivation": {
      "docCount": 70,
      "tokenCounts": {
        "i": 118,
        "have": 21,
        "no": 12,
        "motivation": 11,
        "to": 38,
        "start": 13,
        "any": 12,
        "tasks": 12,
        "today": 13,
        "keep": 20,
        "putting": 12,
        "things": 12,
        "off": 11,
        "don": 22,
        "t": 20,
        "see": 11,
        "the": 19,
        "point": 10,
        "it": 9,
        "feels": 4,
        "like": 14,
        "used": 13,
        "care": 13,
        "but": 13,
        "now": 15,
        "m": 12,
        "just": 19,
        "numb": 13,
        "and": 13,
        "uninterested": 14,
        "feel": 19,
        "nothing": 9,
        "do": 10,
        "matters": 9,
        "anymore": 20,
        "guess": 3,
        "thave": 1,
        "energy": 10,
        "pursue": 10,
        "my": 10,
        "hobbies": 9,
        "delaying": 10,
        "every": 10,
        "project": 9,
        "because": 8,
        "hopeless": 10,
        "motivationto": 1,
        "felt": 5,
        "that": 5,
        "way": 5,
        "right": 2,
        "honestly": 4,
        "saying": 8,
        "thepoint": 1,
        "ikeep": 1,
        "theseepoint": 1,
        "nomotivation": 1,
        "be": 3,
        "honest": 3,
        "think": 3,
        "projectbecause": 1,
        "numband": 1,
        "likenothing": 1,
        "havethe": 1,
        "imattersfeel": 1,
        "mattersanymore": 1,
        "becausei": 1,
        "anytasks": 1,
        "musedjust": 1,
        "carebut": 1,
        "ido": 1,
        "toff": 1,
        "mjust": 1
      },
      "totalTokens": 752
    },
    "negative": {
      "docCount": 72,
      "tokenCounts": {
        "this": 14,
        "news": 13,
        "about": 14,
        "theaccident": 1,
        "made": 22,
        "me": 23,
        "feel": 22,
        "really": 13,
        "sad": 13,
        "and": 46,
        "worried": 13,
        "the": 46,
        "comments": 14,
        "were": 14,
        "full": 14,
        "of": 21,
        "anger": 13,
        "fright": 13,
        "it": 29,
        "was": 31,
        "upsetting": 25,
        "felt": 17,
        "that": 12,
        "way": 4,
        "worse": 12,
        "day": 15,
        "kept": 15,
        "getting": 12,
        "my": 14,
        "everything": 14,
        "wrong": 14,
        "article": 7,
        "depressing": 8,
        "uneasy": 9,
        "so": 9,
        "many": 9,
        "bad": 8,
        "headlines": 8,
        "today": 9,
        "s": 9,
        "disheartening": 9,
        "feels": 3,
        "like": 3,
        "tone": 9,
        "thread": 11,
        "harsh": 10,
        "accident": 12,
        "feelnewsreally": 1,
        "honestly": 6,
        "i": 8,
        "guess": 5,
        "think": 3,
        "andfright": 1,
        "ofanger": 1,
        "right": 4,
        "now": 4,
        "just": 5,
        "saying": 5,
        "badheadlines": 1,
        "thethetone": 1,
        "to": 2,
        "be": 2,
        "honest": 2,
        "feltworse": 1,
        "depressingand": 1,
        "thatarticle": 1,
        "toneof": 1,
        "gettingworse": 1,
        "ofwasthe": 1,
        "gettingfeltworse": 1,
        "articlewas": 1
      },
      "totalTokens": 735
    },
    "neutral": {
      "docCount": 72,
      "tokenCounts": {
        "2": 13,
        "3": 12,
        "45": 12,
        "the": 26,
        "event": 9,
        "starts": 8,
        "at": 30,
        "7pm": 7,
        "and": 17,
        "schedule": 16,
        "is": 8,
        "posted": 9,
        "i": 18,
        "bought": 10,
        "milk": 11,
        "breadand": 1,
        "eggs": 9,
        "store": 11,
        "meeting": 13,
        "moved": 11,
        "to": 14,
        "monday": 12,
        "agenda": 13,
        "attached": 13,
        "guess": 2,
        "just": 6,
        "saying": 6,
        "package": 13,
        "delivered": 12,
        "tracking": 12,
        "number": 10,
        "updated": 21,
        "right": 4,
        "now": 4,
        "laundry": 10,
        "done": 11,
        "bills": 11,
        "paid": 11,
        "train": 12,
        "arrives": 10,
        "pm": 13,
        "from": 12,
        "platform": 12,
        "bread": 9,
        "it": 8,
        "feels": 5,
        "like": 5,
        "platformarrives2": 1,
        "theschedule": 1,
        "felt": 3,
        "that": 3,
        "way": 3,
        "think": 5,
        "trackingnumber": 1,
        "be": 2,
        "honest": 2,
        "thestartsschedule": 1,
        "arrivesat": 1,
        "honestly": 5,
        "movedmonday": 1,
        "andbread": 1,
        "fromplatform": 1,
        "at7pm": 1,
        "andeggs": 1,
        "train3": 1,
        "45arrives": 1,
        "numberupdated": 1,
        "the7pmschedule": 1,
        "at3": 1,
        "45atpm": 1,
        "numberpackageupdated": 1,
        "trainarrives": 1,
        "trackingdelivered": 1
      },
      "totalTokens": 564
    },
    "positive": {
      "docCount": 76,
      "tokenCounts": {
        "i": 54,
        "a": 23,
        "wonderful": 13,
        "walk": 14,
        "in": 14,
        "the": 27,
        "park": 13,
        "and": 55,
        "felt": 40,
        "peaceful": 15,
        "think": 2,
        "small": 12,
        "victories": 12,
        "today": 12,
        "finished": 11,
        "my": 58,
        "task": 12,
        "proud": 12,
        "sunset": 13,
        "was": 11,
        "beautiful": 10,
        "it": 38,
        "lifted": 13,
        "mood": 13,
        "surprised": 12,
        "me": 12,
        "with": 12,
        "coffee": 12,
        "made": 11,
        "day": 12,
        "right": 4,
        "now": 4,
        "calm": 13,
        "after": 11,
        "meditating": 13,
        "for": 14,
        "ten": 14,
        "minutes": 14,
        "laughed": 10,
        "at": 10,
        "joke": 8,
        "brightened": 8,
        "whole": 9,
        "afternoon": 9,
        "hada": 1,
        "that": 5,
        "way": 5,
        "friend": 11,
        "had": 13,
        "andwonderfulfelt": 1,
        "beautifuland": 1,
        "honestly": 5,
        "andit": 1,
        "to": 3,
        "be": 3,
        "honest": 3,
        "just": 8,
        "saying": 8,
        "aitjoke": 1,
        "brightenedmy": 1,
        "ifeltfinished": 1,
        "guess": 3,
        "feels": 2,
        "like": 2,
        "feltaftercalm": 1,
        "thepark": 1,
        "parkand": 1,
        "andfelt": 2,
        "aftermeditating": 1,
        "itbrightened": 1,
        "walkin": 1,
        "wasbeautiful": 1,
        "wholeafternoon": 1
      },
      "totalTokens": 797
    }
  },
  "vocab": {
    "2": true,
    "3": true,
    "45": true,
    "i": true,
    "can": true,
    "t": true,
    "sleep": true,
    "my": true,
    "heart": true,
    "races": true,
    "and": true,
    "m": true,
    "so": true,
    "anxious": true,
    "about": true,
    "tomorrow": true,
    "feel": true,
    "overwhelmed": true,
    "on": true,
    "edge": true,
    "all": true,
    "the": true,
    "time": true,
    "just": true,
    "saying": true,
    "everything": true,
    "feels": true,
    "too": true,
    "much": true,
    "exhausted": true,
    "panicking": true,
    "honestly": true,
    "worried": true,
    "presentation": true,
    "palms": true,
    "sweat": true,
    "focus": true,
    "to": true,
    "be": true,
    "honest": true,
    "concentrate": true,
    "head": true,
    "is": true,
    "full": true,
    "of": true,
    "worry": true,
    "hands": true,
    "shake": true,
    "when": true,
    "think": true,
    "aboutithe": true,
    "meeting": true,
    "guess": true,
    "right": true,
    "now": true,
    "it": true,
    "felt": true,
    "that": true,
    "way": true,
    "like": true,
    "mypalms": true,
    "feelseverythingtoo": true,
    "palmsmysweat": true,
    "everythingtoofeels": true,
    "feelstoo": true,
    "mexhausted": true,
    "ithink": true,
    "feelsi": true,
    "overwhelmediand": true,
    "handstheshake": true,
    "overwhelmedand": true,
    "ontheedge": true,
    "mworried": true,
    "have": true,
    "no": true,
    "motivation": true,
    "start": true,
    "any": true,
    "tasks": true,
    "today": true,
    "keep": true,
    "putting": true,
    "things": true,
    "off": true,
    "don": true,
    "see": true,
    "point": true,
    "used": true,
    "care": true,
    "but": true,
    "numb": true,
    "uninterested": true,
    "nothing": true,
    "do": true,
    "matters": true,
    "anymore": true,
    "thave": true,
    "energy": true,
    "pursue": true,
    "hobbies": true,
    "delaying": true,
    "every": true,
    "project": true,
    "because": true,
    "hopeless": true,
    "motivationto": true,
    "thepoint": true,
    "ikeep": true,
    "theseepoint": true,
    "nomotivation": true,
    "projectbecause": true,
    "numband": true,
    "likenothing": true,
    "havethe": true,
    "imattersfeel": true,
    "mattersanymore": true,
    "becausei": true,
    "anytasks": true,
    "musedjust": true,
    "carebut": true,
    "ido": true,
    "toff": true,
    "mjust": true,
    "this": true,
    "news": true,
    "theaccident": true,
    "made": true,
    "me": true,
    "really": true,
    "sad": true,
    "comments": true,
    "were": true,
    "anger": true,
    "fright": true,
    "was": true,
    "upsetting": true,
    "worse": true,
    "day": true,
    "kept": true,
    "getting": true,
    "wrong": true,
    "article": true,
    "depressing": true,
    "uneasy": true,
    "many": true,
    "bad": true,
    "headlines": true,
    "s": true,
    "disheartening": true,
    "tone": true,
    "thread": true,
    "harsh": true,
    "accident": true,
    "feelnewsreally": true,
    "andfright": true,
    "ofanger": true,
    "badheadlines": true,
    "thethetone": true,
    "feltworse": true,
    "depressingand": true,
    "thatarticle": true,
    "toneof": true,
    "gettingworse": true,
    "ofwasthe": true,
    "gettingfeltworse": true,
    "articlewas": true,
    "event": true,
    "starts": true,
    "at": true,
    "7pm": true,
    "schedule": true,
    "posted": true,
    "bought": true,
    "milk": true,
    "breadand": true,
    "eggs": true,
    "store": true,
    "moved": true,
    "monday": true,
    "agenda": true,
    "attached": true,
    "package": true,
    "delivered": true,
    "tracking": true,
    "number": true,
    "updated": true,
    "laundry": true,
    "done": true,
    "bills": true,
    "paid": true,
    "train": true,
    "arrives": true,
    "pm": true,
    "from": true,
    "platform": true,
    "bread": true,
    "platformarrives2": true,
    "theschedule": true,
    "trackingnumber": true,
    "thestartsschedule": true,
    "arrivesat": true,
    "movedmonday": true,
    "andbread": true,
    "fromplatform": true,
    "at7pm": true,
    "andeggs": true,
    "train3": true,
    "45arrives": true,
    "numberupdated": true,
    "the7pmschedule": true,
    "at3": true,
    "45atpm": true,
    "numberpackageupdated": true,
    "trainarrives": true,
    "trackingdelivered": true,
    "a": true,
    "wonderful": true,
    "walk": true,
    "in": true,
    "park": true,
    "peaceful": true,
    "small": true,
    "victories": true,
    "finished": true,
    "task": true,
    "proud": true,
    "sunset": true,
    "beautiful": true,
    "lifted": true,
    "mood": true,
    "surprised": true,
    "with": true,
    "coffee": true,
    "calm": true,
    "after": true,
    "meditating": true,
    "for": true,
    "ten": true,
    "minutes": true,
    "laughed": true,
    "joke": true,
    "brightened": true,
    "whole": true,
    "afternoon": true,
    "hada": true,
    "friend": true,
    "had": true,
    "andwonderfulfelt": true,
    "beautifuland": true,
    "andit": true,
    "aitjoke": true,
    "brightenedmy": true,
    "ifeltfinished": true,
    "feltaftercalm": true,
    "thepark": true,
    "parkand": true,
    "andfelt": true,
    "aftermeditating": true,
    "itbrightened": true,
    "walkin": true,
    "wasbeautiful": true,
    "wholeafternoon": true
  },
  "totalDocs": 349
}