[
  { "text": "I can't sleep, my heart races and I'm so anxious about tomorrow.", "label": "stress" },
  { "text": "I feel overwhelmed and on edge all the time.", "label": "stress" },
  { "text": "Everything feels too much; I'm exhausted and panicking.", "label": "stress" },
  { "text": "I have no motivation to start any tasks today.", "label": "demotivation" },
  { "text": "I keep putting things off; I don't see the point.", "label": "demotivation" },
  { "text": "I used to care but now I'm just numb and uninterested.", "label": "demotivation" },
  { "text": "This news about the accident made me feel really sad and worried.", "label": "negative" },
  { "text": "The comments were full of anger and fright; it was upsetting.", "label": "negative" },
  { "text": "My day kept getting worse; everything felt wrong.", "label": "negative" },
  { "text": "The event starts at 7pm and the schedule is posted.", "label": "neutral" },
  { "text": "I bought milk, bread and eggs at the store.", "label": "neutral" },
  { "text": "Meeting moved to Monday; agenda attached.", "label": "neutral" },
  { "text": "I had a wonderful walk in the park and felt peaceful.", "label": "positive" },
  { "text": "Small victories today — I finished my task and felt proud.", "label": "positive" },
  { "text": "The sunset was beautiful and it lifted my mood.", "label": "positive" },
  { "text": "I'm worried about my presentation; my palms sweat and I can't focus.", "label": "stress" },
  { "text": "I feel like nothing I do matters anymore.", "label": "demotivation" },
  { "text": "That article was depressing and made me feel uneasy.", "label": "negative" },
  { "text": "Package delivered. Tracking number updated.", "label": "neutral" },
  { "text": "My friend surprised me with coffee and it made my day.", "label": "positive" },
  { "text": "I can't concentrate; my head is full of worry.", "label": "stress" },
  { "text": "I don't have the energy to pursue my hobbies anymore.", "label": "demotivation" },
  { "text": "So many bad headlines today, it's disheartening.", "label": "negative" },
  { "text": "Laundry done, bills paid, schedule updated.", "label": "neutral" },
  { "text": "I felt calm after meditating for ten minutes.", "label": "positive" },
  { "text": "My hands shake when I think about the meeting.", "label": "stress" },
  { "text": "I keep delaying every project because I feel hopeless.", "label": "demotivation" },
  { "text": "The tone of the thread was harsh and upsetting.", "label": "negative" },
  { "text": "Train arrives at 3:45 PM from platform 2.", "label": "neutral" },
  { "text": "I laughed at a joke and it brightened my whole afternoon.", "label": "positive" }
]
